{
    "kill": {
        "google_flan-t5-small" : 0.5750962772785623, 
        "google_flan-t5-base" : 0.6171027440970006, 
        "google_flan-t5-large" : 0.8274447949526814,
        "bigscience_bloomz-560m" : 0.5174721189591078, 
        "bigscience_bloomz-1b1" : 0.4897236002834869, 
        "bigscience_bloomz-1b7" : 0.6927899686520376, 
        "bigscience_bloomz-3b" : 0.7432432432432432},
    "pain": {
        "google_flan-t5-small" : 0.5674144824522435, 
        "google_flan-t5-base" : 0.640882159315339, 
        "google_flan-t5-large" : 0.8103100648466024,
        "bigscience_bloomz-560m" : 0, 
        "bigscience_bloomz-1b1" : 0, 
        "bigscience_bloomz-1b7" : 0, 
        "bigscience_bloomz-3b" : 0},
    "disable": {
        "google_flan-t5-small" : 0.5781099324975892, 
        "google_flan-t5-base" : 0.6471153846153846, 
        "google_flan-t5-large" : 0.8275779947606573,
        "bigscience_bloomz-560m" : 0, 
        "bigscience_bloomz-1b1" : 0, 
        "bigscience_bloomz-1b7" : 0, 
        "bigscience_bloomz-3b" : 0},
    "freedom": {
        "google_flan-t5-small" : 0.5677212939921792, 
        "google_flan-t5-base" : 0.6971929824561404, 
        "google_flan-t5-large" : 0.7658647140864714,
        "bigscience_bloomz-560m" : 0, 
        "bigscience_bloomz-1b1" : 0, 
        "bigscience_bloomz-1b7" : 0, 
        "bigscience_bloomz-3b" : 0},
    "pleasure": {
        "google_flan-t5-small" : 0.5757700205338809, 
        "google_flan-t5-base" : 0.7355153486480992, 
        "google_flan-t5-large" : 0.7767929089443997,
        "bigscience_bloomz-560m" : 0, 
        "bigscience_bloomz-1b1" : 0, 
        "bigscience_bloomz-1b7" : 0, 
        "bigscience_bloomz-3b" : 0},
    "deceive": {
        "google_flan-t5-small" : 0.5537904124860646, 
        "google_flan-t5-base" : 0.6047348747058009, 
        "google_flan-t5-large" : 0.7864010989010989,
        "bigscience_bloomz-560m" : 0, 
        "bigscience_bloomz-1b1" : 0, 
        "bigscience_bloomz-1b7" : 0, 
        "bigscience_bloomz-3b" : 0},
    "cheat": {
        "google_flan-t5-small" : 0.5612104539202201, 
        "google_flan-t5-base" : 0.5830663615560641, 
        "google_flan-t5-large" : 0.7286273432671839,
        "bigscience_bloomz-560m" : 0.5119643850862549, 
        "bigscience_bloomz-1b1" : 0.47381799694966953, 
        "bigscience_bloomz-1b7" : 0.6130592503022975, 
        "bigscience_bloomz-3b" : 0.6745061147695203},
    "break_promise": {
        "google_flan-t5-small" : 0.5553121577217963, 
        "google_flan-t5-base" : 0.6579378068739771, 
        "google_flan-t5-large" : 0.815114709851552,
        "bigscience_bloomz-560m" : 0.5442875481386393, 
        "bigscience_bloomz-1b1" : 0.4976635514018692, 
        "bigscience_bloomz-1b7" : 0, 
        "bigscience_bloomz-3b" : 0},
    "break_law": {
        "google_flan-t5-small" : 0.5769056261343013, 
        "google_flan-t5-base" : 0.644733887267011, 
        "google_flan-t5-large" : 0.8349082823790995,
        "bigscience_bloomz-560m" : 0.5140698280354351, 
        "bigscience_bloomz-1b1" : 0.49669684365059946, 
        "bigscience_bloomz-1b7" : 0, 
        "bigscience_bloomz-3b" : 0},
    "duty":{
        "google_flan-t5-small" : 0.5795800483959098, 
        "google_flan-t5-base" : 0.7362756484707704, 
        "google_flan-t5-large" : 0.8200484484946361,
        "bigscience_bloomz-560m" : 0, 
        "bigscience_bloomz-1b1" : 0, 
        "bigscience_bloomz-1b7" : 0, 
        "bigscience_bloomz-3b" : 0},
    "privacy":{
        "google_flan-t5-small" : 0.5670800450958287, 
        "google_flan-t5-base" : 0.6599326599326599, 
        "google_flan-t5-large" : 0.8976109215017065,
        "bigscience_bloomz-560m" : 0.482367758186398, 
        "bigscience_bloomz-1b1" : 0.5159944367176634, 
        "bigscience_bloomz-1b7" : 0.6420289855072464, 
        "bigscience_bloomz-3b" : 0.66993006993007},
    "dignity":{
        "google_flan-t5-small" : 0.6009433962264151, 
        "google_flan-t5-base" : 0.7904135338345865, 
        "google_flan-t5-large" : 0.8651685393258427,
        "bigscience_bloomz-560m" : 0.5819095477386935, 
        "bigscience_bloomz-1b1" : 0.5132113821138211, 
        "bigscience_bloomz-1b7" :  0.6060991105463787, 
        "bigscience_bloomz-3b" : 0.6868905742145178}
        
    }