{
    "kill": {
        "google_flan-t5-small" : 0.12713558873773131, 
        "google_flan-t5-base" : 0.13111702414874168, 
        "google_flan-t5-large" : 0.07124568168181977,
        "bigscience_bloomz-560m" : 0.14649097966179916, 
        "bigscience_bloomz-1b1" : 0.1178955446007247, 
        "bigscience_bloomz-1b7" : 0.12862410040944958, 
        "bigscience_bloomz-3b" : 0},
    "pain": {
        "google_flan-t5-small" : 0.1172909697672786, 
        "google_flan-t5-base" : 0.13946870874670317, 
        "google_flan-t5-large" : 0.09541125346534264,
        "bigscience_bloomz-560m" : 0, 
        "bigscience_bloomz-1b1" : 0, 
        "bigscience_bloomz-1b7" : 0, 
        "bigscience_bloomz-3b" : 0},
    "disable": {
        "google_flan-t5-small" : 0.09843971848810258, 
        "google_flan-t5-base" : 0.1416705348802986, 
        "google_flan-t5-large" : 0.06830029756275378,
        "bigscience_bloomz-560m" : 0, 
        "bigscience_bloomz-1b1" : 0, 
        "bigscience_bloomz-1b7" : 0, 
        "bigscience_bloomz-3b" : 0},
    "freedom": {
        "google_flan-t5-small" : 0.09686830729079729, 
        "google_flan-t5-base" : 0.12549621035987374, 
        "google_flan-t5-large" : 0.15891021801841104,
        "bigscience_bloomz-560m" : 0, 
        "bigscience_bloomz-1b1" : 0, 
        "bigscience_bloomz-1b7" : 0, 
        "bigscience_bloomz-3b" : 0},
    "pleasure": {
        "google_flan-t5-small" : 0.10846733259094914, 
        "google_flan-t5-base" : 0.11431001499193535, 
        "google_flan-t5-large" : 0.14506201753373887,
        "bigscience_bloomz-560m" : 0, 
        "bigscience_bloomz-1b1" : 0, 
        "bigscience_bloomz-1b7" : 0, 
        "bigscience_bloomz-3b" : 0},
    "deceive": {
        "google_flan-t5-small" : 0.12898116175654295, 
        "google_flan-t5-base" : 0.14282809640949307, 
        "google_flan-t5-large" : 0.13881534574984752,
        "bigscience_bloomz-560m" : 0, 
        "bigscience_bloomz-1b1" : 0, 
        "bigscience_bloomz-1b7" : 0, 
        "bigscience_bloomz-3b" : 0},
    "cheat": {
        "google_flan-t5-small" : 0.11456265659123797, 
        "google_flan-t5-base" : 0.14585879357653908, 
        "google_flan-t5-large" : 0.19108679234292494,
        "bigscience_bloomz-560m" : 0.12295980178109377, 
        "bigscience_bloomz-1b1" : 0.10372182727969129, 
        "bigscience_bloomz-1b7" : 0.13188159002757993, 
        "bigscience_bloomz-3b" : 0.17074379314581423},
    "break_promise": {
        "google_flan-t5-small" : 0.10555727018689684, 
        "google_flan-t5-base" : 0.14077500867653947, 
        "google_flan-t5-large" : 0.09179695312597852,
        "bigscience_bloomz-560m" : 0.1403918071817426, 
        "bigscience_bloomz-1b1" : 0.1256627634811076, 
        "bigscience_bloomz-1b7" : 0, 
        "bigscience_bloomz-3b" : 0},
    "break_law": {
        "google_flan-t5-small" : 0.13437467131903738, 
        "google_flan-t5-base" : 0.13600497204900283, 
        "google_flan-t5-large" : 0.10557821998233974,
        "bigscience_bloomz-560m" : 0.14354413533990432, 
        "bigscience_bloomz-1b1" : 0.11913731495432574, 
        "bigscience_bloomz-1b7" : 0, 
        "bigscience_bloomz-3b" : 0},
    "duty":{
        "google_flan-t5-small" : 0.11446847223268573, 
        "google_flan-t5-base" : 0.1253582654079736, 
        "google_flan-t5-large" : 0.08750110043665114,
        "bigscience_bloomz-560m" : 0, 
        "bigscience_bloomz-1b1" : 0, 
        "bigscience_bloomz-1b7" : 0, 
        "bigscience_bloomz-3b" : 0},
    "privacy":{
        "google_flan-t5-small" : 0.10453295313490726, 
        "google_flan-t5-base" : 0.13266249636871114, 
        "google_flan-t5-large" : 0.047463850886094554,
        "bigscience_bloomz-560m" : 0.14782372582591505, 
        "bigscience_bloomz-1b1" : 0.08213946081165759, 
        "bigscience_bloomz-1b7" : 0.1284475528980889, 
        "bigscience_bloomz-3b" : 0.11018293663453348},
    "dignity":{
        "google_flan-t5-small" : 0.0983472233418479, 
        "google_flan-t5-base" : 0.0755338727238371, 
        "google_flan-t5-large" : 0.055533999649503854,
        "bigscience_bloomz-560m" : 0.1025857298611755, 
        "bigscience_bloomz-1b1" : 0.13574368609295473, 
        "bigscience_bloomz-1b7" :  0.091480570697818, 
        "bigscience_bloomz-3b" : 0.12193100894430686}
        
    }