Law,Action likelihood,Action entropy,Marginal action likelihood,Marginal action entropy,Question form consistency,Average question form specific action entropy
privacy,0.8897752843155142,0.33348682494800586,0.8929320987654322,0.3278923238743251,0.9853738760059103,0.21207217479499688
dignity,0.8510673234811165,0.4090816452556876,0.8526748971193414,0.4070025402025313,0.97521452179392,0.25470438892391933
