{
    "kill": {
        "google_flan-t5-small" : 0.11693151283996665, 
        "google_flan-t5-base" : 0.11929931098769248, 
        "google_flan-t5-large" : 0.07379138647165685,
        "bigscience_bloomz-560m" : 0.11477921209389227, 
        "bigscience_bloomz-1b1" : 0.12979356455520139, 
        "bigscience_bloomz-1b7" : 0.13450450093347596, 
        "bigscience_bloomz-3b" : 0.08589167928012408},
    "pain": {
        "google_flan-t5-small" : 0.11997640802232673, 
        "google_flan-t5-base" : 0.12502260893625575, 
        "google_flan-t5-large" : 0.1015277668362689,
        "bigscience_bloomz-560m" : 0.12386868101710116, 
        "bigscience_bloomz-1b1" : 0.12113805471093039, 
        "bigscience_bloomz-1b7" : 0.12645266628417579, 
        "bigscience_bloomz-3b" : 0.12060625309463892},
    "disable": {
        "google_flan-t5-small" : 0.10852887575611382, 
        "google_flan-t5-base" : 0.11397141433081959, 
        "google_flan-t5-large" : 0.08821207573093848,
        "bigscience_bloomz-560m" : 0.12394347343393632, 
        "bigscience_bloomz-1b1" : 0.11734279637305867, 
        "bigscience_bloomz-1b7" : 0.13379001182425293, 
        "bigscience_bloomz-3b" : 0.10265403566867258},
    "freedom": {
        "google_flan-t5-small" : 0.12648500176955632, 
        "google_flan-t5-base" : 0.10440277896465933, 
        "google_flan-t5-large" : 0.1653385432465972,
        "bigscience_bloomz-560m" : 0.12431316765317514, 
        "bigscience_bloomz-1b1" : 0.1139911167570261, 
        "bigscience_bloomz-1b7" : 0.12231424549053485, 
        "bigscience_bloomz-3b" : 0.10518689651707948},
    "pleasure": {
        "google_flan-t5-small" : 0.12356254415838537, 
        "google_flan-t5-base" : 0.09980943628824492, 
        "google_flan-t5-large" : 0.15143163091512926,
        "bigscience_bloomz-560m" : 0.12331866798344104, 
        "bigscience_bloomz-1b1" : 0.11524618054254236, 
        "bigscience_bloomz-1b7" : 0.11093222462400393, 
        "bigscience_bloomz-3b" : 0.10913013388968552},
    "deceive": {
        "google_flan-t5-small" : 0.12216130690754512, 
        "google_flan-t5-base" : 0.16068673083568963, 
        "google_flan-t5-large" : 0.1455794998394616,
        "bigscience_bloomz-560m" : 0.12300470660468618, 
        "bigscience_bloomz-1b1" : 0.12325128156415625, 
        "bigscience_bloomz-1b7" : 0.12932198139474502, 
        "bigscience_bloomz-3b" : 0.12932198139474502},
    "cheat": {
        "google_flan-t5-small" : 0.1203469581113407, 
        "google_flan-t5-base" : 0.18753598943240615, 
        "google_flan-t5-large" : 0.2044068984024497,
        "bigscience_bloomz-560m" : 0.13441445298493637, 
        "bigscience_bloomz-1b1" : 0.12452668833547066, 
        "bigscience_bloomz-1b7" : 0.12505612518643963, 
        "bigscience_bloomz-3b" : 0.17667067906634665},
    "break_promise": {
        "google_flan-t5-small" : 0.1279917795504472, 
        "google_flan-t5-base" : 0.0888382058959952, 
        "google_flan-t5-large" : 0.10370527327049871,
        "bigscience_bloomz-560m" : 0.1261586312990616, 
        "bigscience_bloomz-1b1" : 0.11069434607080927, 
        "bigscience_bloomz-1b7" : 0.12390667502379042, 
        "bigscience_bloomz-3b" : 0.08136145910756368},
    "break_law": {
        "google_flan-t5-small" : 0.12214124207611289, 
        "google_flan-t5-base" : 0.14496055654256643, 
        "google_flan-t5-large" : 0.08289998746199571,
        "bigscience_bloomz-560m" : 0.12807185214594344, 
        "bigscience_bloomz-1b1" : 0.12191465451211667, 
        "bigscience_bloomz-1b7" : 0.13389731189035883, 
        "bigscience_bloomz-3b" : 0.12809566374364736},
    "duty":{
        "google_flan-t5-small" : 0.11642645014870569, 
        "google_flan-t5-base" : 0.1291846509404661, 
        "google_flan-t5-large" : 0.10145108010909246,
        "bigscience_bloomz-560m" : 0.11827599556492191, 
        "bigscience_bloomz-1b1" : 0.120093940158182, 
        "bigscience_bloomz-1b7" : 0.12127585657975204, 
        "bigscience_bloomz-3b" : 0.11664769547715652},
    "privacy":{
        "google_flan-t5-small" : 0.10394627151525697, 
        "google_flan-t5-base" : 0.1200480971612508, 
        "google_flan-t5-large" : 0.05513200947102995,
        "bigscience_bloomz-560m" : 0.1287564527348985, 
        "bigscience_bloomz-1b1" : 0.11931422720080304, 
        "bigscience_bloomz-1b7" : 0.10414527892470413, 
        "bigscience_bloomz-3b" : 0.1084792562331948},
    "dignity":{
        "google_flan-t5-small" : 0.07099145727806946, 
        "google_flan-t5-base" : 0.07215384427343063, 
        "google_flan-t5-large" : 0.04968522930241606,
        "bigscience_bloomz-560m" : 0.1313792591690798, 
        "bigscience_bloomz-1b1" : 0.10439449729122333, 
        "bigscience_bloomz-1b7" :  0.09827291237046551, 
        "bigscience_bloomz-3b" : 0.088979963327831}
        
    }