{
    "kill": {
        "google_flan-t5-small" : 0.5945945945945946, 
        "google_flan-t5-base" : 0.7379134860050891, 
        "google_flan-t5-large" : 0.832807570977918,
        "bigscience_bloomz-560m" : 0.5219033232628398, 
        "bigscience_bloomz-1b1" : 0.49830508474576274, 
        "bigscience_bloomz-1b7" : 0.6737072104879825, 
        "bigscience_bloomz-3b" : 0.7490445859872611},
    "pain": {
        "google_flan-t5-small" : 0.5848532028469751, 
        "google_flan-t5-base" : 0.7360897294919727, 
        "google_flan-t5-large" : 0.8074784694211272,
        "bigscience_bloomz-560m" : 0.5221992772328343, 
        "bigscience_bloomz-1b1" : 0.4922732098619795, 
        "bigscience_bloomz-1b7" : 0.6620986687548943, 
        "bigscience_bloomz-3b" : 0.7324861878453038},
    "disable": {
        "google_flan-t5-small" : 0.59521484375, 
        "google_flan-t5-base" : 0.75, 
        "google_flan-t5-large" :0.8275203057811753,
        "bigscience_bloomz-560m" : 0.5173789173789174, 
        "bigscience_bloomz-1b1" : 0.48492723492723494, 
        "bigscience_bloomz-1b7" : 0.6762225969645869, 
        "bigscience_bloomz-3b" : 0.7606796116504855},
    "freedom": {
        "google_flan-t5-small" : 0.5906474820143884, 
        "google_flan-t5-base" : 0.7436708860759493, 
        "google_flan-t5-large" : 0.754874651810585,
        "bigscience_bloomz-560m" : 0.5600495253817581, 
        "bigscience_bloomz-1b1" : 0.49791429654910885, 
        "bigscience_bloomz-1b7" : 0.6606694560669456, 
        "bigscience_bloomz-3b" : 0.7336167198016295},
    "pleasure": {
        "google_flan-t5-small" : 0.5836262145958239, 
        "google_flan-t5-base" : 0.7630669107179174, 
        "google_flan-t5-large" : 0.7713248638838476,
        "bigscience_bloomz-560m" : 0.539765942202054, 
        "bigscience_bloomz-1b1" : 0.5014245014245015, 
        "bigscience_bloomz-1b7" : 0.6694650995442553, 
        "bigscience_bloomz-3b" :  0.7283722837228372},
    "deceive": {
        "google_flan-t5-small" : 0.5516855504266331, 
        "google_flan-t5-base" : 0.685611311339063, 
        "google_flan-t5-large" : 0.7876956879978028,
        "bigscience_bloomz-560m" :  0.5185185185185185, 
        "bigscience_bloomz-1b1" : 0.4964961980020874, 
        "bigscience_bloomz-1b7" : 0.6315181518151816, 
        "bigscience_bloomz-3b" : 0.7064143592597746},
    "cheat": {
        "google_flan-t5-small" : 0.5393103448275862, 
        "google_flan-t5-base" : 0.6038426349496798, 
        "google_flan-t5-large" : 0.7317294598275079,
        "bigscience_bloomz-560m" : 0.5390924002186988, 
        "bigscience_bloomz-1b1" : 0.49826646854878653, 
        "bigscience_bloomz-1b7" : 0.5886214442013129, 
        "bigscience_bloomz-3b" : 0.6609699769053118},
    "break_promise": {
        "google_flan-t5-small" : 0.5579989004947774, 
        "google_flan-t5-base" : 0.7736156351791531, 
        "google_flan-t5-large" : 0.8217555196553581,
        "bigscience_bloomz-560m" : 0.5278465346534653, 
        "bigscience_bloomz-1b1" : 0.5011454753722795, 
        "bigscience_bloomz-1b7" : 0.6715417428397319, 
        "bigscience_bloomz-3b" : 0.7578890097932536},
    "break_law": {
        "google_flan-t5-small" : 0.562925942753294, 
        "google_flan-t5-base" : 0.7129337539432177, 
        "google_flan-t5-large" : 0.8312151616499442,
        "bigscience_bloomz-560m" :  0.5313068329436217, 
        "bigscience_bloomz-1b1" : 0.4822627037392138, 
        "bigscience_bloomz-1b7" : 0.6621516019796823, 
        "bigscience_bloomz-3b" : 0.7226244343891403},
    "duty":{
        "google_flan-t5-small" : 0.5759647881788886, 
        "google_flan-t5-base" : 0.727710843373494, 
        "google_flan-t5-large" : 0.8176158635001153,
        "bigscience_bloomz-560m" : 0.5245694707420431, 
        "bigscience_bloomz-1b1" : 0.4944726124179204, 
        "bigscience_bloomz-1b7" : 0.6555071674832154, 
        "bigscience_bloomz-3b" : 0.7374688667496887},
    "privacy":{
        "google_flan-t5-small" : 0.5665529010238908, 
        "google_flan-t5-base" : 0.6647982062780269, 
        "google_flan-t5-large" : 0.8450390189520625,
        "bigscience_bloomz-560m" : 0.5198463508322664, 
        "bigscience_bloomz-1b1" : 0.5489199491740788, 
        "bigscience_bloomz-1b7" : 0.6282208588957056, 
        "bigscience_bloomz-3b" : 0.6786961583236322},
    "dignity":{
        "google_flan-t5-small" : 0.6325187969924813, 
        "google_flan-t5-base" : 0.7888372093023256, 
        "google_flan-t5-large" : 0.8348794063079777,
        "bigscience_bloomz-560m" : 0.5909537856440511, 
        "bigscience_bloomz-1b1" : 0.4467005076142132, 
        "bigscience_bloomz-1b7" : 0.6793981481481481, 
        "bigscience_bloomz-3b" : 0.7186234817813765}
    
}