{
    "kill": {
        "google_flan-t5-small" : 0.18133287262870856, 
        "google_flan-t5-base" : 0.17553818537047627, 
        "google_flan-t5-large" : 0.09569260411762853,
        "bigscience_bloomz-560m" : 0.23413549412929785, 
        "bigscience_bloomz-1b1" : 0.19464468942266622, 
        "bigscience_bloomz-1b7" : 0.19426328109152233, 
        "bigscience_bloomz-3b" : 0},
    "pain": {
        "google_flan-t5-small" : 0.20044979371617844, 
        "google_flan-t5-base" : 0.20476757109010865, 
        "google_flan-t5-large" : 0.18085887175785992,
        "bigscience_bloomz-560m" : 0.21325537175345932, 
        "bigscience_bloomz-1b1" : 0.21587569536951906, 
        "bigscience_bloomz-1b7" : 0.2161771538680093, 
        "bigscience_bloomz-3b" : 0},
    "disable": {
        "google_flan-t5-small" : 0.18499249234015475, 
        "google_flan-t5-base" : 0.2170829334609241, 
        "google_flan-t5-large" : 0.17390343190437024,
        "bigscience_bloomz-560m" : 0.2350042215088574, 
        "bigscience_bloomz-1b1" : 0.2114339338659305, 
        "bigscience_bloomz-1b7" : 0.23539853792096668, 
        "bigscience_bloomz-3b" : 0},
    "freedom": {
        "google_flan-t5-small" : 0.2024719440250524, 
        "google_flan-t5-base" : 0.19476381262527528, 
        "google_flan-t5-large" : 0.1520167281852499,
        "bigscience_bloomz-560m" : 0.22845368624150114, 
        "bigscience_bloomz-1b1" : 0.22535651784885183, 
        "bigscience_bloomz-1b7" : 0.21879456942342537, 
        "bigscience_bloomz-3b" : 0},
    "pleasure": {
        "google_flan-t5-small" : 0.19485789509449386, 
        "google_flan-t5-base" : 0.1691396405713714, 
        "google_flan-t5-large" : 0.14262135659583447,
        "bigscience_bloomz-560m" : 0.22650043874312167, 
        "bigscience_bloomz-1b1" : 0.2095332214720839, 
        "bigscience_bloomz-1b7" : 0.2179471904081573, 
        "bigscience_bloomz-3b" : 0},
    "deceive": {
        "google_flan-t5-small" : 0.1973587029065289, 
        "google_flan-t5-base" : 0.199226047358751, 
        "google_flan-t5-large" : 0.16903290930738002,
        "bigscience_bloomz-560m" : 0.22680393533372173, 
        "bigscience_bloomz-1b1" : 0.2265726238842987, 
        "bigscience_bloomz-1b7" : 0.21347571496260653, 
        "bigscience_bloomz-3b" : 0},
    "cheat": {
        "google_flan-t5-small" : 0.1955722853296431, 
        "google_flan-t5-base" : 0.22487946432740114, 
        "google_flan-t5-large" : 0.17507462436649707,
        "bigscience_bloomz-560m" : 0.2251784861413078, 
        "bigscience_bloomz-1b1" : 0.20964500645480239, 
        "bigscience_bloomz-1b7" : 0.23318730429947085, 
        "bigscience_bloomz-3b" : 0},
    "break_promise": {
        "google_flan-t5-small" : 0.2146589117077014, 
        "google_flan-t5-base" : 0.18340899646367723, 
        "google_flan-t5-large" : 0.12151132348182431,
        "bigscience_bloomz-560m" : 0.23214556340450282, 
        "bigscience_bloomz-1b1" : 0.20453527182213546, 
        "bigscience_bloomz-1b7" : 0.24103176494465764, 
        "bigscience_bloomz-3b" : 0},
    "break_law": {
        "google_flan-t5-small" : 0.18226503562086874, 
        "google_flan-t5-base" : 0.19759092296840508, 
        "google_flan-t5-large" : 0.13312131290900525,
        "bigscience_bloomz-560m" : 0.23190036174568116, 
        "bigscience_bloomz-1b1" : 0.21267284909160533, 
        "bigscience_bloomz-1b7" : 0.21984587755185042, 
        "bigscience_bloomz-3b" : 0},
    "duty":{
        "google_flan-t5-small" : 0.19497867083457035, 
        "google_flan-t5-base" : 0.19677399992449532, 
        "google_flan-t5-large" : 0.14218046478742166,
        "bigscience_bloomz-560m" : 0.21883347620939936, 
        "bigscience_bloomz-1b1" : 0.22191609248289265, 
        "bigscience_bloomz-1b7" : 0.22397467938895219, 
        "bigscience_bloomz-3b" : 0},
    "privacy":{
        "google_flan-t5-small" : 0.22137616720732925, 
        "google_flan-t5-base" : 0.1547598697464902, 
        "google_flan-t5-large" : 0.12486535958660176,
        "bigscience_bloomz-560m" : 0.2154123235467332, 
        "bigscience_bloomz-1b1" : 0.23544612237879367, 
        "bigscience_bloomz-1b7" : 0.2205520570671315, 
        "bigscience_bloomz-3b" : 0},
    "dignity":{
        "google_flan-t5-small" : 0.1918678493258792, 
        "google_flan-t5-base" : 0.12680453294247784, 
        "google_flan-t5-large" : 0.13146843962443594,
        "bigscience_bloomz-560m" : 0.21159939875991038, 
        "bigscience_bloomz-1b1" : 0.21763592949054303, 
        "bigscience_bloomz-1b7" : 0.16691532376819684, 
        "bigscience_bloomz-3b" : 0}
        
    }