{
    "kill": {
        "google_flan-t5-small" : 0.18133287262870856, 
        "google_flan-t5-base" : 0.17553818537047627, 
        "google_flan-t5-large" : 0.09569260411762853,
        "bigscience_bloomz-560m" : 0.23213639670029243, 
        "bigscience_bloomz-1b1" : 0.20531051348123353, 
        "bigscience_bloomz-1b7" : 0.2155132189670581, 
        "bigscience_bloomz-3b" : 0},
    "pain": {
        "google_flan-t5-small" : 0.20214863459973814, 
        "google_flan-t5-base" : 0.21402741937604647, 
        "google_flan-t5-large" : 0.1688996889125581,
        "bigscience_bloomz-560m" : 0.2228756201812577, 
        "bigscience_bloomz-1b1" : 0.2187081420502486,
        "bigscience_bloomz-1b7" : 0.2162795725725165, 
        "bigscience_bloomz-3b" : 0},
    "disable": {
        "google_flan-t5-small" : 0.1987996860982023, 
        "google_flan-t5-base" : 0.20613108129473579, 
        "google_flan-t5-large" : 0.16237257344671777,
        "bigscience_bloomz-560m" : 0.20531051348123353, 
        "bigscience_bloomz-1b1" : 0.2419194080680589, 
        "bigscience_bloomz-1b7" : 0.2279774027072085, 
        "bigscience_bloomz-3b" : 0},
    "freedom": {
        "google_flan-t5-small" : 0.18330365592603104, 
        "google_flan-t5-base" : 0.1728117011847231, 
        "google_flan-t5-large" : 0.14881216928865418,
        "bigscience_bloomz-560m" : 0.21536036722215565, 
        "bigscience_bloomz-1b1" : 0.194711807753674, 
        "bigscience_bloomz-1b7" : 0.2047750967025836, 
        "bigscience_bloomz-3b" : 0},
    "pleasure": {
        "google_flan-t5-small" : 0.20855103059534674, 
        "google_flan-t5-base" : 0.1644302461529072, 
        "google_flan-t5-large" : 0.15559696642618998,
        "bigscience_bloomz-560m" : 0.23129438119575987, 
        "bigscience_bloomz-1b1" : 0.2115037706960061, 
        "bigscience_bloomz-1b7" : 0.21099822196737197, 
        "bigscience_bloomz-3b" : 0},
    "deceive": {
        "google_flan-t5-small" : 0.21012900772270807, 
        "google_flan-t5-base" : 0.21890327756382585, 
        "google_flan-t5-large" : 0.16712737542542372,
        "bigscience_bloomz-560m" : 0.2318429578321498, 
        "bigscience_bloomz-1b1" : 0.2276039922629585, 
        "bigscience_bloomz-1b7" : 0.23139269899036996, 
        "bigscience_bloomz-3b" : 0},
    "cheat": {
        "google_flan-t5-small" : 0.21547969525371571, 
        "google_flan-t5-base" : 0.21420233284479634, 
        "google_flan-t5-large" : 0.15704449619326177,
        "bigscience_bloomz-560m" : 0.21992513815095135, 
        "bigscience_bloomz-1b1" : 0.19020813656701802, 
        "bigscience_bloomz-1b7" : 0.2122196561412797, 
        "bigscience_bloomz-3b" : 0},
    "break_promise": {
        "google_flan-t5-small" : 0.20305879380767827, 
        "google_flan-t5-base" : 0.22125207356202958, 
        "google_flan-t5-large" : 0.1233047843137604,
        "bigscience_bloomz-560m" : 0.230843086242473, 
        "bigscience_bloomz-1b1" : 0.1991462004586781, 
        "bigscience_bloomz-1b7" : 0.23559753848192977, 
        "bigscience_bloomz-3b" : 0},
    "break_law": {
        "google_flan-t5-small" : 0.19876159799998133, 
        "google_flan-t5-base" : 0.18376796964288053, 
        "google_flan-t5-large" : 0.11781320221980196,
        "bigscience_bloomz-560m" : 0.2250548629957253, 
        "bigscience_bloomz-1b1" : 0.2256873178362018, 
        "bigscience_bloomz-1b7" : 0.2489967276298433, 
        "bigscience_bloomz-3b" : 0},
    "duty":{
        "google_flan-t5-small" : 0.20179369909651027, 
        "google_flan-t5-base" : 0.18815071073149747, 
        "google_flan-t5-large" : 0.13972830758754992,
        "bigscience_bloomz-560m" : 0.25493028679177315, 
        "bigscience_bloomz-1b1" : 0.21280375735651552, 
        "bigscience_bloomz-1b7" : 0.22159922580819008, 
        "bigscience_bloomz-3b" : 0},
    "privacy":{
        "google_flan-t5-small" : 0.2327744629835583, 
        "google_flan-t5-base" : 0.16842040285774593, 
        "google_flan-t5-large" : 0.1293860144711968,
        "bigscience_bloomz-560m" : 0.2311298069361046, 
        "bigscience_bloomz-1b1" : 0.2591825944849511, 
        "bigscience_bloomz-1b7" : 0.21639655527711726, 
        "bigscience_bloomz-3b" : 0},
    "dignity":{
        "google_flan-t5-small" : 0.2175906225285127, 
        "google_flan-t5-base" : 0.1508435357939124, 
        "google_flan-t5-large" : 0.10289032876362296,
        "bigscience_bloomz-560m" : 0.199008925601682, 
        "bigscience_bloomz-1b1" : 0.25711539191566335, 
        "bigscience_bloomz-1b7" : 0.18048906658024155, 
        "bigscience_bloomz-3b" : 0}
        
    }