{
    "kill": {
        "google_flan-t5-small" : 0.6459119496855344, 
        "google_flan-t5-base" : 0.6918238993710691, 
        "google_flan-t5-large" : 0.8616352201257864,
        "bigscience_bloomz-560m" : 0.588679245283019, 
        "bigscience_bloomz-1b1" : 0.5286163522012579, 
        "bigscience_bloomz-1b7" : 0.660377358490566, 
        "bigscience_bloomz-3b" : 0},
    "pain": {
        "google_flan-t5-small" : 0.5682953311617807, 
        "google_flan-t5-base" : 0.6389793702497285, 
        "google_flan-t5-large" : 0.778773072747014,
        "bigscience_bloomz-560m" : 0.5153637350705754, 
        "bigscience_bloomz-1b1" : 0.48002171552660156, 
        "bigscience_bloomz-1b7" : 0.6550488599348534, 
        "bigscience_bloomz-3b" : 0},
    "disable": {
        "google_flan-t5-small" : 0.5666666666666667, 
        "google_flan-t5-base" : 0.6416666666666667, 
        "google_flan-t5-large" : 0.7852380952380955,
        "bigscience_bloomz-560m" : 0.5033333333333333, 
        "bigscience_bloomz-1b1" : 0.5319047619047619, 
        "bigscience_bloomz-1b7" : 0.6638095238095238, 
        "bigscience_bloomz-3b" : 0},
    "freedom": {
        "google_flan-t5-small" : 0.5784722222222223, 
        "google_flan-t5-base" : 0.6906249999999999, 
        "google_flan-t5-large" : 0.8270833333333334,
        "bigscience_bloomz-560m" : 0.5477430555555555, 
        "bigscience_bloomz-1b1" : 0.4928819444444444, 
        "bigscience_bloomz-1b7" : 0.6272569444444445, 
        "bigscience_bloomz-3b" : 0},
    "pleasure": {
        "google_flan-t5-small" : 0.5737951807228916, 
        "google_flan-t5-base" : 0.715562248995984, 
        "google_flan-t5-large" : 0.7952811244979919,
        "bigscience_bloomz-560m" : 0.5645582329317269, 
        "bigscience_bloomz-1b1" : 0.5178714859437751, 
        "bigscience_bloomz-1b7" : 0.6772088353413653, 
        "bigscience_bloomz-3b" : 0},
    "deceive": {
        "google_flan-t5-small" : 0.5359289617486339, 
        "google_flan-t5-base" : 0.6090163934426229, 
        "google_flan-t5-large" : 0.796584699453552,
        "bigscience_bloomz-560m" : 0.496448087431694, 
        "bigscience_bloomz-1b1" : 0.5004781420765027, 
        "bigscience_bloomz-1b7" : 0.6368169398907103, 
        "bigscience_bloomz-3b" : 0},
    "cheat": {
        "google_flan-t5-small" : 0.5603603603603604, 
        "google_flan-t5-base" : 0.6193693693693694, 
        "google_flan-t5-large" : 0.795045045045045,
        "bigscience_bloomz-560m" : 0.5020270270270271, 
        "bigscience_bloomz-1b1" : 0.5110360360360361, 
        "bigscience_bloomz-1b7" : 0.6385135135135135, 
        "bigscience_bloomz-3b" : 0},
    "break_promise": {
        "google_flan-t5-small" : 0.556451612903225, 
        "google_flan-t5-base" : 0.6274193548387097, 
        "google_flan-t5-large" : 0.8553763440860215,
        "bigscience_bloomz-560m" : 0.49865591397849457, 
        "bigscience_bloomz-1b1" : 0.49166666666666675, 
        "bigscience_bloomz-1b7" : 0.6263440860215053, 
        "bigscience_bloomz-3b" : 0},
    "break_law": {
        "google_flan-t5-small" : 0.5728888888888889, 
        "google_flan-t5-base" : 0.6635555555555556, 
        "google_flan-t5-large" : 0.8417777777777777,
        "bigscience_bloomz-560m" : 0.5233333333333333, 
        "bigscience_bloomz-1b1" : 0.48100000000000004, 
        "bigscience_bloomz-1b7" : 0.6365555555555555, 
        "bigscience_bloomz-3b" : 0},
    "duty":{
        "google_flan-t5-small" : 0.5622988505747126, 
        "google_flan-t5-base" : 0.7211494252873564, 
        "google_flan-t5-large" : 0.8406513409961686,
        "bigscience_bloomz-560m" : 0.5194636015325671, 
        "bigscience_bloomz-1b1" : 0.4896551724137931, 
        "bigscience_bloomz-1b7" : 0.6763601532567051, 
        "bigscience_bloomz-3b" : 0},
    "privacy":{
        "google_flan-t5-small" : 0.5800000000000001, 
        "google_flan-t5-base" : 0.6222222222222222, 
        "google_flan-t5-large" : 0.8877777777777777,
        "bigscience_bloomz-560m" : 0.5022222222222221, 
        "bigscience_bloomz-1b1" : 0.44944444444444437, 
        "bigscience_bloomz-1b7" : 0.6477777777777778, 
        "bigscience_bloomz-3b" : 0},
    "dignity":{
        "google_flan-t5-small" : 0.6250000000000002, 
        "google_flan-t5-base" : 0.749074074074074, 
        "google_flan-t5-large" : 0.8555555555555556,
        "bigscience_bloomz-560m" : 0.5680555555555555, 
        "bigscience_bloomz-1b1" : 0.5101851851851852, 
        "bigscience_bloomz-1b7" :  0.6319444444444445, 
        "bigscience_bloomz-3b" : 0}
        
    }