{
    "kill": {
        "google_flan-t5-small" : 0.6459119496855344, 
        "google_flan-t5-base" : 0.6918238993710691, 
        "google_flan-t5-large" :  0.8616352201257864,
        "bigscience_bloomz-560m" : 0.4679245283018867, 
        "bigscience_bloomz-1b1" : 0.4899371069182389, 
        "bigscience_bloomz-1b7" : 0.7056603773584905, 
        "bigscience_bloomz-3b" : 0},
    "pain": {
        "google_flan-t5-small" : 0.5498371335504887, 
        "google_flan-t5-base" : 0.6414766558089033, 
        "google_flan-t5-large" : 0.7742671009771985,
        "bigscience_bloomz-560m" : 0.5451682953311618, 
        "bigscience_bloomz-1b1" : 0.4934310532030402, 
        "bigscience_bloomz-1b7" : 0.6480456026058632, 
        "bigscience_bloomz-3b" : 0},
    "disable": {
        "google_flan-t5-small" : 0.5623809523809524, 
        "google_flan-t5-base" : 0.6252380952380953, 
        "google_flan-t5-large" : 0.8195238095238095,
        "bigscience_bloomz-560m" : 0.5297619047619047, 
        "bigscience_bloomz-1b1" : 0.5183333333333333, 
        "bigscience_bloomz-1b7" : 0.629047619047619, 
        "bigscience_bloomz-3b" : 0},
    "freedom": {
        "google_flan-t5-small" : 0.5939236111111111, 
        "google_flan-t5-base" : 0.7100694444444443, 
        "google_flan-t5-large" : 0.8027777777777777,
        "bigscience_bloomz-560m" : 0.5461805555555556, 
        "bigscience_bloomz-1b1" : 0.4947916666666667, 
        "bigscience_bloomz-1b7" : 0.6418402777777777, 
        "bigscience_bloomz-3b" : 0},
    "pleasure": {
        "google_flan-t5-small" : 0.5724899598393575, 
        "google_flan-t5-base" : 0.7248995983935743, 
        "google_flan-t5-large" : 0.793172690763052,
        "bigscience_bloomz-560m" : 0.5543172690763051, 
        "bigscience_bloomz-1b1" : 0.4836345381526104, 
        "bigscience_bloomz-1b7" : 0.6461847389558232, 
        "bigscience_bloomz-3b" : 0},
    "deceive": {
        "google_flan-t5-small" : 0.5546448087431695, 
        "google_flan-t5-base" : 0.616120218579235, 
        "google_flan-t5-large" : 0.7890710382513662,
        "bigscience_bloomz-560m" : 0.5098360655737705, 
        "bigscience_bloomz-1b1" : 0.5060109289617486, 
        "bigscience_bloomz-1b7" : 0.6311475409836066, 
        "bigscience_bloomz-3b" : 0},
    "cheat": {
        "google_flan-t5-small" : 0.5635135135135134, 
        "google_flan-t5-base" : 0.5648648648648649, 
        "google_flan-t5-large" : 0.7887387387387387,
        "bigscience_bloomz-560m" : 0.5497747747747748, 
        "bigscience_bloomz-1b1" : 0.479054054054054, 
        "bigscience_bloomz-1b7" : 0.6146396396396396, 
        "bigscience_bloomz-3b" : 0},
    "break_promise": {
        "google_flan-t5-small" : 0.5282258064516129, 
        "google_flan-t5-base" : 0.6225806451612903, 
        "google_flan-t5-large" : 0.8387096774193549,
        "bigscience_bloomz-560m" : 0.5333333333333333, 
        "bigscience_bloomz-1b1" : 0.48387096774193555, 
        "bigscience_bloomz-1b7" : 0.6330645161290321, 
        "bigscience_bloomz-3b" : 0},
    "break_law": {
        "google_flan-t5-small" : 0.5977777777777777, 
        "google_flan-t5-base" : 0.664, 
        "google_flan-t5-large" : 0.8535555555555554,
        "bigscience_bloomz-560m" : 0.5172222222222222, 
        "bigscience_bloomz-1b1" : 0.4857777777777778, 
        "bigscience_bloomz-1b7" : 0.6609999999999999, 
        "bigscience_bloomz-3b" : 0},
    "duty":{
        "google_flan-t5-small" : 0.5738314176245211, 
        "google_flan-t5-base" : 0.7274329501915707, 
        "google_flan-t5-large" : 0.8357854406130268,
        "bigscience_bloomz-560m" : 0.5281226053639847, 
        "bigscience_bloomz-1b1" : 0.4889272030651341, 
        "bigscience_bloomz-1b7" : 0.695095785440613, 
        "bigscience_bloomz-3b" : 0},
    "privacy":{
        "google_flan-t5-small" : 0.5788888888888888, 
        "google_flan-t5-base" : 0.6244444444444445, 
        "google_flan-t5-large" : 0.8333333333333335,
        "bigscience_bloomz-560m" : 0.5255555555555556, 
        "bigscience_bloomz-1b1" : 0.47722222222222216, 
        "bigscience_bloomz-1b7" : 0.576111111111111, 
        "bigscience_bloomz-3b" : 0},
    "dignity":{
        "google_flan-t5-small" : 0.6, 
        "google_flan-t5-base" : 0.7574074074074075, 
        "google_flan-t5-large" : 0.85,
        "bigscience_bloomz-560m" : 0.5430555555555556, 
        "bigscience_bloomz-1b1" : 0.5050925925925926, 
        "bigscience_bloomz-1b7" : 0.6490740740740741, 
        "bigscience_bloomz-3b" : 0}
    
}